a ,b,c
RandomForestClassifier,0.745,"['pH', 'alcohol', 'citric acid', 'density', 'chlorides']"
RandomForestClassifier,0.74,"['pH', 'alcohol', 'residual sugar', 'citric acid', 'chlorides']"
RandomForestClassifier,0.74,"['free sulfur dioxide', 'pH', 'alcohol', 'citric acid', 'density', 'chlorides']"
RandomForestClassifier,0.73,"['pH', 'citric acid', 'chlorides']"
RandomForestClassifier,0.73,"['free sulfur dioxide', 'pH', 'sulphates', 'residual sugar', 'citric acid', 'chlorides']"
RandomForestClassifier,0.73,"['pH', 'sulphates', 'alcohol', 'citric acid', 'density', 'chlorides']"
RandomForestClassifier,0.73,"['free sulfur dioxide', 'pH', 'sulphates', 'alcohol', 'residual sugar', 'citric acid', 'chlorides']"
RandomForestClassifier,0.73,"['free sulfur dioxide', 'pH', 'alcohol', 'residual sugar', 'citric acid', 'density', 'chlorides']"
RandomForestClassifier,0.725,"['pH', 'citric acid', 'density', 'chlorides']"
RandomForestClassifier,0.725,"['free sulfur dioxide', 'pH', 'sulphates', 'residual sugar', 'density', 'chlorides']"
RandomForestClassifier,0.72,"['free sulfur dioxide', 'pH', 'sulphates', 'alcohol', 'chlorides']"
RandomForestClassifier,0.72,"['free sulfur dioxide', 'pH', 'residual sugar', 'citric acid', 'chlorides']"
RandomForestClassifier,0.72,"['free sulfur dioxide', 'pH', 'residual sugar', 'density', 'chlorides']"
LogisticRegression,0.72,"['pH', 'alcohol', 'residual sugar', 'citric acid', 'chlorides']"
RandomForestClassifier,0.72,"['pH', 'residual sugar', 'citric acid', 'density', 'chlorides']"
LogisticRegression,0.72,"['free sulfur dioxide', 'pH', 'alcohol', 'residual sugar', 'citric acid', 'chlorides']"
LogisticRegression,0.72,"['pH', 'sulphates', 'alcohol', 'residual sugar', 'citric acid', 'chlorides']"
LogisticRegression,0.72,"['pH', 'alcohol', 'residual sugar', 'citric acid', 'density', 'chlorides']"
LogisticRegression,0.72,"['free sulfur dioxide', 'pH', 'sulphates', 'alcohol', 'residual sugar', 'citric acid', 'chlorides']"
LogisticRegression,0.72,"['free sulfur dioxide', 'pH', 'alcohol', 'residual sugar', 'citric acid', 'density', 'chlorides']"
LogisticRegression,0.72,"['pH', 'sulphates', 'alcohol', 'residual sugar', 'citric acid', 'density', 'chlorides']"
RandomForestClassifier,0.715,"['free sulfur dioxide', 'pH', 'sulphates', 'citric acid', 'chlorides']"
RandomForestClassifier,0.715,"['free sulfur dioxide', 'alcohol', 'residual sugar', 'citric acid', 'chlorides']"
RandomForestClassifier,0.715,"['pH', 'sulphates', 'alcohol', 'citric acid', 'chlorides']"
RandomForestClassifier,0.715,"['pH', 'sulphates', 'residual sugar', 'citric acid', 'chlorides']"
RandomForestClassifier,0.715,"['pH', 'sulphates', 'citric acid', 'density', 'chlorides']"
RandomForestClassifier,0.715,"['free sulfur dioxide', 'pH', 'sulphates', 'alcohol', 'residual sugar', 'chlorides']"
RandomForestClassifier,0.715,"['free sulfur dioxide', 'pH', 'alcohol', 'residual sugar', 'density', 'chlorides']"
RandomForestClassifier,0.715,"['free sulfur dioxide', 'pH', 'sulphates', 'residual sugar', 'citric acid', 'density', 'chlorides']"
RandomForestClassifier,0.71,"['free sulfur dioxide', 'pH', 'citric acid', 'chlorides']"
LogisticRegression,0.71,"['pH', 'residual sugar', 'citric acid', 'chlorides']"
LogisticRegression,0.71,"['free sulfur dioxide', 'pH', 'residual sugar', 'citric acid', 'chlorides']"
RandomForestClassifier,0.71,"['free sulfur dioxide', 'pH', 'citric acid', 'density', 'chlorides']"
RandomForestClassifier,0.71,"['free sulfur dioxide', 'alcohol', 'citric acid', 'density', 'chlorides']"
RandomForestClassifier,0.71,"['pH', 'sulphates', 'alcohol', 'residual sugar', 'chlorides']"
LogisticRegression,0.71,"['pH', 'sulphates', 'residual sugar', 'citric acid', 'chlorides']"
LogisticRegression,0.71,"['pH', 'residual sugar', 'citric acid', 'density', 'chlorides']"
LogisticRegression,0.71,"['free sulfur dioxide', 'pH', 'sulphates', 'residual sugar', 'citric acid', 'chlorides']"
RandomForestClassifier,0.71,"['free sulfur dioxide', 'pH', 'sulphates', 'citric acid', 'density', 'chlorides']"
LogisticRegression,0.71,"['free sulfur dioxide', 'pH', 'residual sugar', 'citric acid', 'density', 'chlorides']"
RandomForestClassifier,0.71,"['pH', 'sulphates', 'alcohol', 'residual sugar', 'density', 'chlorides']"
LogisticRegression,0.71,"['pH', 'sulphates', 'residual sugar', 'citric acid', 'density', 'chlorides']"
RandomForestClassifier,0.71,"['pH', 'sulphates', 'residual sugar', 'citric acid', 'density', 'chlorides']"
RandomForestClassifier,0.71,"['free sulfur dioxide', 'pH', 'sulphates', 'alcohol', 'residual sugar', 'density', 'chlorides']"
LogisticRegression,0.71,"['free sulfur dioxide', 'pH', 'sulphates', 'residual sugar', 'citric acid', 'density', 'chlorides']"
RandomForestClassifier,0.705,"['free sulfur dioxide', 'citric acid', 'chlorides']"
RandomForestClassifier,0.705,"['pH', 'sulphates', 'chlorides']"
RandomForestClassifier,0.705,"['citric acid', 'density', 'chlorides']"
RandomForestClassifier,0.705,"['pH', 'sulphates', 'residual sugar', 'chlorides']"
RandomForestClassifier,0.705,"['pH', 'alcohol', 'residual sugar', 'chlorides']"
RandomForestClassifier,0.705,"['sulphates', 'alcohol', 'citric acid', 'chlorides']"
RandomForestClassifier,0.705,"['free sulfur dioxide', 'sulphates', 'residual sugar', 'citric acid', 'chlorides']"
RandomForestClassifier,0.705,"['pH', 'sulphates', 'alcohol', 'density', 'chlorides']"
RandomForestClassifier,0.705,"['pH', 'sulphates', 'alcohol', 'residual sugar', 'citric acid', 'chlorides']"
LogisticRegression,0.7,"['pH', 'citric acid', 'chlorides']"
LogisticRegression,0.7,"['free sulfur dioxide', 'pH', 'citric acid', 'chlorides']"
RandomForestClassifier,0.7,"['free sulfur dioxide', 'alcohol', 'citric acid', 'chlorides']"
RandomForestClassifier,0.7,"['free sulfur dioxide', 'citric acid', 'density', 'chlorides']"
LogisticRegression,0.7,"['pH', 'sulphates', 'citric acid', 'chlorides']"
LogisticRegression,0.7,"['pH', 'alcohol', 'citric acid', 'chlorides']"
RandomForestClassifier,0.7,"['pH', 'residual sugar', 'citric acid', 'chlorides']"
RandomForestClassifier,0.7,"['pH', 'residual sugar', 'density', 'chlorides']"
LogisticRegression,0.7,"['pH', 'citric acid', 'density', 'chlorides']"
RandomForestClassifier,0.7,"['alcohol', 'residual sugar', 'citric acid', 'chlorides']"
RandomForestClassifier,0.7,"['free sulfur dioxide', 'pH', 'sulphates', 'residual sugar', 'chlorides']"
LogisticRegression,0.7,"['free sulfur dioxide', 'pH', 'sulphates', 'citric acid', 'chlorides']"
RandomForestClassifier,0.7,"['free sulfur dioxide', 'pH', 'alcohol', 'residual sugar', 'chlorides']"
LogisticRegression,0.7,"['free sulfur dioxide', 'pH', 'alcohol', 'citric acid', 'chlorides']"
LogisticRegression,0.7,"['free sulfur dioxide', 'pH', 'citric acid', 'density', 'chlorides']"
RandomForestClassifier,0.7,"['free sulfur dioxide', 'sulphates', 'citric acid', 'density', 'chlorides']"
LogisticRegression,0.7,"['pH', 'sulphates', 'alcohol', 'citric acid', 'chlorides']"
LogisticRegression,0.7,"['pH', 'sulphates', 'citric acid', 'density', 'chlorides']"
RandomForestClassifier,0.7,"['pH', 'alcohol', 'residual sugar', 'density', 'chlorides']"
LogisticRegression,0.7,"['pH', 'alcohol', 'citric acid', 'density', 'chlorides']"
RandomForestClassifier,0.7,"['alcohol', 'residual sugar', 'citric acid', 'density', 'chlorides']"
LogisticRegression,0.7,"['free sulfur dioxide', 'pH', 'sulphates', 'alcohol', 'citric acid', 'chlorides']"
LogisticRegression,0.7,"['free sulfur dioxide', 'pH', 'sulphates', 'citric acid', 'density', 'chlorides']"
RandomForestClassifier,0.7,"['free sulfur dioxide', 'pH', 'alcohol', 'residual sugar', 'citric acid', 'chlorides']"
LogisticRegression,0.7,"['free sulfur dioxide', 'pH', 'alcohol', 'citric acid', 'density', 'chlorides']"
RandomForestClassifier,0.7,"['free sulfur dioxide', 'pH', 'residual sugar', 'citric acid', 'density', 'chlorides']"
LogisticRegression,0.7,"['pH', 'sulphates', 'alcohol', 'citric acid', 'density', 'chlorides']"
RandomForestClassifier,0.7,"['sulphates', 'alcohol', 'residual sugar', 'citric acid', 'density', 'chlorides']"
LogisticRegression,0.7,"['free sulfur dioxide', 'pH', 'sulphates', 'alcohol', 'citric acid', 'density', 'chlorides']"
RandomForestClassifier,0.695,"['pH', 'chlorides']"
LogisticRegression,0.695,"['citric acid', 'chlorides']"
RandomForestClassifier,0.695,"['citric acid', 'chlorides']"
LogisticRegression,0.695,"['free sulfur dioxide', 'citric acid', 'chlorides']"
RandomForestClassifier,0.695,"['pH', 'residual sugar', 'chlorides']"
LogisticRegression,0.695,"['sulphates', 'citric acid', 'chlorides']"
LogisticRegression,0.695,"['residual sugar', 'citric acid', 'chlorides']"
LogisticRegression,0.695,"['citric acid', 'density', 'chlorides']"
LogisticRegression,0.695,"['free sulfur dioxide', 'sulphates', 'citric acid', 'chlorides']"
LogisticRegression,0.695,"['free sulfur dioxide', 'residual sugar', 'citric acid', 'chlorides']"
RandomForestClassifier,0.695,"['free sulfur dioxide', 'residual sugar', 'citric acid', 'chlorides']"
LogisticRegression,0.695,"['free sulfur dioxide', 'citric acid', 'density', 'chlorides']"
RandomForestClassifier,0.695,"['pH', 'alcohol', 'citric acid', 'chlorides']"
LogisticRegression,0.695,"['sulphates', 'residual sugar', 'citric acid', 'chlorides']"
RandomForestClassifier,0.695,"['sulphates', 'residual sugar', 'citric acid', 'chlorides']"
LogisticRegression,0.695,"['sulphates', 'citric acid', 'density', 'chlorides']"
RandomForestClassifier,0.695,"['sulphates', 'citric acid', 'density', 'chlorides']"
LogisticRegression,0.695,"['residual sugar', 'citric acid', 'density', 'chlorides']"
RandomForestClassifier,0.695,"['free sulfur dioxide', 'pH', 'sulphates', 'density', 'chlorides']"
RandomForestClassifier,0.695,"['free sulfur dioxide', 'pH', 'alcohol', 'citric acid', 'chlorides']"
LogisticRegression,0.695,"['free sulfur dioxide', 'sulphates', 'residual sugar', 'citric acid', 'chlorides']"
LogisticRegression,0.695,"['free sulfur dioxide', 'sulphates', 'citric acid', 'density', 'chlorides']"
LogisticRegression,0.695,"['free sulfur dioxide', 'residual sugar', 'citric acid', 'density', 'chlorides']"
RandomForestClassifier,0.695,"['sulphates', 'alcohol', 'citric acid', 'density', 'chlorides']"
LogisticRegression,0.695,"['sulphates', 'residual sugar', 'citric acid', 'density', 'chlorides']"
RandomForestClassifier,0.695,"['free sulfur dioxide', 'pH', 'sulphates', 'alcohol', 'citric acid', 'chlorides']"
LogisticRegression,0.695,"['free sulfur dioxide', 'sulphates', 'residual sugar', 'citric acid', 'density', 'chlorides']"
RandomForestClassifier,0.69,"['pH', 'alcohol', 'chlorides']"
RandomForestClassifier,0.69,"['sulphates', 'citric acid', 'chlorides']"
LogisticRegression,0.69,"['alcohol', 'citric acid', 'chlorides']"
RandomForestClassifier,0.69,"['residual sugar', 'citric acid', 'chlorides']"
RandomForestClassifier,0.69,"['free sulfur dioxide', 'pH', 'residual sugar', 'chlorides']"
RandomForestClassifier,0.69,"['free sulfur dioxide', 'sulphates', 'citric acid', 'chlorides']"
LogisticRegression,0.69,"['free sulfur dioxide', 'alcohol', 'citric acid', 'chlorides']"
RandomForestClassifier,0.69,"['pH', 'sulphates', 'alcohol', 'chlorides']"
LogisticRegression,0.69,"['pH', 'alcohol', 'residual sugar', 'chlorides']"
SVC,0.69,"['pH', 'alcohol', 'citric acid', 'chlorides']"
LogisticRegression,0.69,"['sulphates', 'alcohol', 'citric acid', 'chlorides']"
LogisticRegression,0.69,"['alcohol', 'residual sugar', 'citric acid', 'chlorides']"
LogisticRegression,0.69,"['alcohol', 'citric acid', 'density', 'chlorides']"
RandomForestClassifier,0.69,"['alcohol', 'citric acid', 'density', 'chlorides']"
LogisticRegression,0.69,"['free sulfur dioxide', 'pH', 'alcohol', 'residual sugar', 'chlorides']"
SVC,0.69,"['free sulfur dioxide', 'pH', 'alcohol', 'citric acid', 'chlorides']"
LogisticRegression,0.69,"['free sulfur dioxide', 'sulphates', 'alcohol', 'citric acid', 'chlorides']"
RandomForestClassifier,0.69,"['free sulfur dioxide', 'sulphates', 'alcohol', 'citric acid', 'chlorides']"
LogisticRegression,0.69,"['free sulfur dioxide', 'alcohol', 'residual sugar', 'citric acid', 'chlorides']"
LogisticRegression,0.69,"['free sulfur dioxide', 'alcohol', 'citric acid', 'density', 'chlorides']"
RandomForestClassifier,0.69,"['free sulfur dioxide', 'residual sugar', 'citric acid', 'density', 'chlorides']"
RandomForestClassifier,0.69,"['pH', 'sulphates', 'alcohol', 'residual sugar', 'citric acid']"
LogisticRegression,0.69,"['pH', 'sulphates', 'alcohol', 'residual sugar', 'chlorides']"
SVC,0.69,"['pH', 'sulphates', 'alcohol', 'citric acid', 'chlorides']"
RandomForestClassifier,0.69,"['pH', 'sulphates', 'residual sugar', 'density', 'chlorides']"
LogisticRegression,0.69,"['pH', 'alcohol', 'residual sugar', 'density', 'chlorides']"
SVC,0.69,"['pH', 'alcohol', 'citric acid', 'density', 'chlorides']"
LogisticRegression,0.69,"['sulphates', 'alcohol', 'residual sugar', 'citric acid', 'chlorides']"
LogisticRegression,0.69,"['sulphates', 'alcohol', 'citric acid', 'density', 'chlorides']"
RandomForestClassifier,0.69,"['sulphates', 'residual sugar', 'citric acid', 'density', 'chlorides']"
LogisticRegression,0.69,"['alcohol', 'residual sugar', 'citric acid', 'density', 'chlorides']"
LogisticRegression,0.69,"['free sulfur dioxide', 'pH', 'sulphates', 'alcohol', 'residual sugar', 'chlorides']"
LogisticRegression,0.69,"['free sulfur dioxide', 'pH', 'alcohol', 'residual sugar', 'density', 'chlorides']"
LogisticRegression,0.69,"['free sulfur dioxide', 'sulphates', 'alcohol', 'residual sugar', 'citric acid', 'chlorides']"
LogisticRegression,0.69,"['free sulfur dioxide', 'sulphates', 'alcohol', 'citric acid', 'density', 'chlorides']"
RandomForestClassifier,0.69,"['free sulfur dioxide', 'sulphates', 'residual sugar', 'citric acid', 'density', 'chlorides']"
LogisticRegression,0.69,"['free sulfur dioxide', 'alcohol', 'residual sugar', 'citric acid', 'density', 'chlorides']"
LogisticRegression,0.69,"['pH', 'sulphates', 'alcohol', 'residual sugar', 'density', 'chlorides']"
LogisticRegression,0.69,"['sulphates', 'alcohol', 'residual sugar', 'citric acid', 'density', 'chlorides']"
LogisticRegression,0.69,"['free sulfur dioxide', 'pH', 'sulphates', 'alcohol', 'residual sugar', 'density', 'chlorides']"
LogisticRegression,0.69,"['free sulfur dioxide', 'sulphates', 'alcohol', 'residual sugar', 'citric acid', 'density', 'chlorides']"
LogisticRegression,0.685,['residual sugar']
LogisticRegression,0.685,"['sulphates', 'residual sugar']"
LogisticRegression,0.685,"['alcohol', 'residual sugar']"
LogisticRegression,0.685,"['residual sugar', 'citric acid']"
LogisticRegression,0.685,"['free sulfur dioxide', 'alcohol', 'residual sugar']"
LogisticRegression,0.685,"['free sulfur dioxide', 'residual sugar', 'citric acid']"
LogisticRegression,0.685,"['sulphates', 'alcohol', 'residual sugar']"
RandomForestClassifier,0.685,"['sulphates', 'alcohol', 'chlorides']"
LogisticRegression,0.685,"['sulphates', 'residual sugar', 'citric acid']"
LogisticRegression,0.685,"['alcohol', 'residual sugar', 'citric acid']"
LogisticRegression,0.685,"['alcohol', 'residual sugar', 'density']"
LogisticRegression,0.685,"['residual sugar', 'citric acid', 'density']"
RandomForestClassifier,0.685,"['free sulfur dioxide', 'pH', 'sulphates', 'alcohol']"
RandomForestClassifier,0.685,"['free sulfur dioxide', 'pH', 'sulphates', 'chlorides']"
RandomForestClassifier,0.685,"['free sulfur dioxide', 'pH', 'alcohol', 'chlorides']"
LogisticRegression,0.685,"['free sulfur dioxide', 'sulphates', 'alcohol', 'residual sugar']"
RandomForestClassifier,0.685,"['free sulfur dioxide', 'sulphates', 'alcohol', 'chlorides']"
LogisticRegression,0.685,"['free sulfur dioxide', 'sulphates', 'residual sugar', 'citric acid']"
LogisticRegression,0.685,"['free sulfur dioxide', 'alcohol', 'residual sugar', 'citric acid']"
LogisticRegression,0.685,"['free sulfur dioxide', 'alcohol', 'residual sugar', 'density']"
RandomForestClassifier,0.685,"['free sulfur dioxide', 'alcohol', 'density', 'chlorides']"
LogisticRegression,0.685,"['free sulfur dioxide', 'residual sugar', 'citric acid', 'density']"
RandomForestClassifier,0.685,"['pH', 'sulphates', 'alcohol', 'residual sugar']"
RandomForestClassifier,0.685,"['pH', 'sulphates', 'citric acid', 'chlorides']"
LogisticRegression,0.685,"['sulphates', 'alcohol', 'residual sugar', 'citric acid']"
LogisticRegression,0.685,"['sulphates', 'alcohol', 'residual sugar', 'density']"
RandomForestClassifier,0.685,"['sulphates', 'alcohol', 'density', 'chlorides']"
LogisticRegression,0.685,"['sulphates', 'residual sugar', 'citric acid', 'density']"
LogisticRegression,0.685,"['alcohol', 'residual sugar', 'citric acid', 'density']"
LogisticRegression,0.685,"['free sulfur dioxide', 'sulphates', 'alcohol', 'residual sugar', 'citric acid']"
LogisticRegression,0.685,"['free sulfur dioxide', 'sulphates', 'alcohol', 'residual sugar', 'density']"
LogisticRegression,0.685,"['free sulfur dioxide', 'sulphates', 'residual sugar', 'citric acid', 'density']"
LogisticRegression,0.685,"['free sulfur dioxide', 'alcohol', 'residual sugar', 'citric acid', 'density']"
RandomForestClassifier,0.685,"['free sulfur dioxide', 'alcohol', 'residual sugar', 'density', 'chlorides']"
LogisticRegression,0.685,"['sulphates', 'alcohol', 'residual sugar', 'citric acid', 'density']"
LogisticRegression,0.685,"['free sulfur dioxide', 'sulphates', 'alcohol', 'residual sugar', 'citric acid', 'density']"
RandomForestClassifier,0.685,"['free sulfur dioxide', 'sulphates', 'alcohol', 'residual sugar', 'density', 'chlorides']"
RandomForestClassifier,0.685,"['free sulfur dioxide', 'sulphates', 'alcohol', 'citric acid', 'density', 'chlorides']"
RandomForestClassifier,0.685,"['pH', 'sulphates', 'alcohol', 'residual sugar', 'citric acid', 'density']"
RandomForestClassifier,0.685,"['free sulfur dioxide', 'sulphates', 'alcohol', 'residual sugar', 'citric acid', 'density', 'chlorides']"
LogisticRegression,0.68,['free sulfur dioxide']
RandomForestClassifier,0.68,['free sulfur dioxide']
LogisticRegression,0.68,['pH']
LogisticRegression,0.68,['sulphates']
RandomForestClassifier,0.68,['sulphates']
LogisticRegression,0.68,['alcohol']
RandomForestClassifier,0.68,['residual sugar']
LogisticRegression,0.68,['citric acid']
RandomForestClassifier,0.68,['citric acid']
LogisticRegression,0.68,['density']
RandomForestClassifier,0.68,['density']
LogisticRegression,0.68,"['free sulfur dioxide', 'pH']"
LogisticRegression,0.68,"['free sulfur dioxide', 'sulphates']"
RandomForestClassifier,0.68,"['free sulfur dioxide', 'sulphates']"
LogisticRegression,0.68,"['free sulfur dioxide', 'alcohol']"
LogisticRegression,0.68,"['free sulfur dioxide', 'residual sugar']"
RandomForestClassifier,0.68,"['free sulfur dioxide', 'residual sugar']"
LogisticRegression,0.68,"['free sulfur dioxide', 'citric acid']"
RandomForestClassifier,0.68,"['free sulfur dioxide', 'citric acid']"
LogisticRegression,0.68,"['free sulfur dioxide', 'density']"
RandomForestClassifier,0.68,"['free sulfur dioxide', 'density']"
LogisticRegression,0.68,"['pH', 'sulphates']"
LogisticRegression,0.68,"['pH', 'alcohol']"
LogisticRegression,0.68,"['pH', 'residual sugar']"
LogisticRegression,0.68,"['pH', 'citric acid']"
LogisticRegression,0.68,"['pH', 'density']"
LogisticRegression,0.68,"['sulphates', 'alcohol']"
RandomForestClassifier,0.68,"['sulphates', 'residual sugar']"
LogisticRegression,0.68,"['sulphates', 'citric acid']"
RandomForestClassifier,0.68,"['sulphates', 'citric acid']"
LogisticRegression,0.68,"['sulphates', 'density']"
RandomForestClassifier,0.68,"['sulphates', 'density']"
LogisticRegression,0.68,"['alcohol', 'citric acid']"
LogisticRegression,0.68,"['alcohol', 'density']"
RandomForestClassifier,0.68,"['alcohol', 'chlorides']"
RandomForestClassifier,0.68,"['residual sugar', 'citric acid']"
LogisticRegression,0.68,"['residual sugar', 'density']"
RandomForestClassifier,0.68,"['residual sugar', 'density']"
LogisticRegression,0.68,"['citric acid', 'density']"
RandomForestClassifier,0.68,"['citric acid', 'density']"
LogisticRegression,0.68,"['free sulfur dioxide', 'pH', 'sulphates']"
LogisticRegression,0.68,"['free sulfur dioxide', 'pH', 'alcohol']"
LogisticRegression,0.68,"['free sulfur dioxide', 'pH', 'residual sugar']"
LogisticRegression,0.68,"['free sulfur dioxide', 'pH', 'citric acid']"
LogisticRegression,0.68,"['free sulfur dioxide', 'pH', 'density']"
RandomForestClassifier,0.68,"['free sulfur dioxide', 'pH', 'chlorides']"
LogisticRegression,0.68,"['free sulfur dioxide', 'sulphates', 'alcohol']"
LogisticRegression,0.68,"['free sulfur dioxide', 'sulphates', 'residual sugar']"
RandomForestClassifier,0.68,"['free sulfur dioxide', 'sulphates', 'residual sugar']"
LogisticRegression,0.68,"['free sulfur dioxide', 'sulphates', 'citric acid']"
RandomForestClassifier,0.68,"['free sulfur dioxide', 'sulphates', 'citric acid']"
LogisticRegression,0.68,"['free sulfur dioxide', 'sulphates', 'density']"
RandomForestClassifier,0.68,"['free sulfur dioxide', 'sulphates', 'density']"
LogisticRegression,0.68,"['free sulfur dioxide', 'alcohol', 'citric acid']"
LogisticRegression,0.68,"['free sulfur dioxide', 'alcohol', 'density']"
RandomForestClassifier,0.68,"['free sulfur dioxide', 'residual sugar', 'citric acid']"
LogisticRegression,0.68,"['free sulfur dioxide', 'residual sugar', 'density']"
RandomForestClassifier,0.68,"['free sulfur dioxide', 'residual sugar', 'density']"
LogisticRegression,0.68,"['free sulfur dioxide', 'citric acid', 'density']"
RandomForestClassifier,0.68,"['free sulfur dioxide', 'citric acid', 'density']"
LogisticRegression,0.68,"['pH', 'sulphates', 'alcohol']"
LogisticRegression,0.68,"['pH', 'sulphates', 'residual sugar']"
LogisticRegression,0.68,"['pH', 'sulphates', 'citric acid']"
LogisticRegression,0.68,"['pH', 'sulphates', 'density']"
LogisticRegression,0.68,"['pH', 'alcohol', 'residual sugar']"
LogisticRegression,0.68,"['pH', 'alcohol', 'citric acid']"
LogisticRegression,0.68,"['pH', 'alcohol', 'density']"
LogisticRegression,0.68,"['pH', 'residual sugar', 'citric acid']"
LogisticRegression,0.68,"['pH', 'residual sugar', 'density']"
LogisticRegression,0.68,"['pH', 'residual sugar', 'chlorides']"
LogisticRegression,0.68,"['pH', 'citric acid', 'density']"
LogisticRegression,0.68,"['sulphates', 'alcohol', 'citric acid']"
LogisticRegression,0.68,"['sulphates', 'alcohol', 'density']"
RandomForestClassifier,0.68,"['sulphates', 'residual sugar', 'citric acid']"
LogisticRegression,0.68,"['sulphates', 'residual sugar', 'density']"
RandomForestClassifier,0.68,"['sulphates', 'residual sugar', 'density']"
LogisticRegression,0.68,"['sulphates', 'citric acid', 'density']"
RandomForestClassifier,0.68,"['sulphates', 'citric acid', 'density']"
LogisticRegression,0.68,"['alcohol', 'citric acid', 'density']"
RandomForestClassifier,0.68,"['alcohol', 'citric acid', 'chlorides']"
RandomForestClassifier,0.68,"['residual sugar', 'citric acid', 'density']"
LogisticRegression,0.68,"['free sulfur dioxide', 'pH', 'sulphates', 'alcohol']"
LogisticRegression,0.68,"['free sulfur dioxide', 'pH', 'sulphates', 'residual sugar']"
LogisticRegression,0.68,"['free sulfur dioxide', 'pH', 'sulphates', 'citric acid']"
LogisticRegression,0.68,"['free sulfur dioxide', 'pH', 'sulphates', 'density']"
LogisticRegression,0.68,"['free sulfur dioxide', 'pH', 'alcohol', 'residual sugar']"
LogisticRegression,0.68,"['free sulfur dioxide', 'pH', 'alcohol', 'citric acid']"
RandomForestClassifier,0.68,"['free sulfur dioxide', 'pH', 'alcohol', 'citric acid']"
LogisticRegression,0.68,"['free sulfur dioxide', 'pH', 'alcohol', 'density']"
LogisticRegression,0.68,"['free sulfur dioxide', 'pH', 'residual sugar', 'citric acid']"
LogisticRegression,0.68,"['free sulfur dioxide', 'pH', 'residual sugar', 'density']"
LogisticRegression,0.68,"['free sulfur dioxide', 'pH', 'residual sugar', 'chlorides']"
LogisticRegression,0.68,"['free sulfur dioxide', 'pH', 'citric acid', 'density']"
RandomForestClassifier,0.68,"['free sulfur dioxide', 'pH', 'density', 'chlorides']"
LogisticRegression,0.68,"['free sulfur dioxide', 'sulphates', 'alcohol', 'citric acid']"
LogisticRegression,0.68,"['free sulfur dioxide', 'sulphates', 'alcohol', 'density']"
RandomForestClassifier,0.68,"['free sulfur dioxide', 'sulphates', 'residual sugar', 'citric acid']"
LogisticRegression,0.68,"['free sulfur dioxide', 'sulphates', 'residual sugar', 'density']"
RandomForestClassifier,0.68,"['free sulfur dioxide', 'sulphates', 'residual sugar', 'density']"
LogisticRegression,0.68,"['free sulfur dioxide', 'sulphates', 'citric acid', 'density']"
RandomForestClassifier,0.68,"['free sulfur dioxide', 'sulphates', 'citric acid', 'density']"
LogisticRegression,0.68,"['free sulfur dioxide', 'alcohol', 'citric acid', 'density']"
RandomForestClassifier,0.68,"['free sulfur dioxide', 'residual sugar', 'citric acid', 'density']"
LogisticRegression,0.68,"['pH', 'sulphates', 'alcohol', 'residual sugar']"
LogisticRegression,0.68,"['pH', 'sulphates', 'alcohol', 'citric acid']"
LogisticRegression,0.68,"['pH', 'sulphates', 'alcohol', 'density']"
LogisticRegression,0.68,"['pH', 'sulphates', 'residual sugar', 'citric acid']"
LogisticRegression,0.68,"['pH', 'sulphates', 'residual sugar', 'density']"
LogisticRegression,0.68,"['pH', 'sulphates', 'residual sugar', 'chlorides']"
LogisticRegression,0.68,"['pH', 'sulphates', 'citric acid', 'density']"
LogisticRegression,0.68,"['pH', 'alcohol', 'residual sugar', 'citric acid']"
LogisticRegression,0.68,"['pH', 'alcohol', 'residual sugar', 'density']"
LogisticRegression,0.68,"['pH', 'alcohol', 'citric acid', 'density']"
RandomForestClassifier,0.68,"['pH', 'alcohol', 'density', 'chlorides']"
LogisticRegression,0.68,"['pH', 'residual sugar', 'citric acid', 'density']"
LogisticRegression,0.68,"['pH', 'residual sugar', 'density', 'chlorides']"
LogisticRegression,0.68,"['sulphates', 'alcohol', 'citric acid', 'density']"
RandomForestClassifier,0.68,"['sulphates', 'residual sugar', 'citric acid', 'density']"
LogisticRegression,0.68,"['free sulfur dioxide', 'pH', 'sulphates', 'alcohol', 'residual sugar']"
LogisticRegression,0.68,"['free sulfur dioxide', 'pH', 'sulphates', 'alcohol', 'citric acid']"
LogisticRegression,0.68,"['free sulfur dioxide', 'pH', 'sulphates', 'alcohol', 'density']"
LogisticRegression,0.68,"['free sulfur dioxide', 'pH', 'sulphates', 'residual sugar', 'citric acid']"
LogisticRegression,0.68,"['free sulfur dioxide', 'pH', 'sulphates', 'residual sugar', 'density']"
LogisticRegression,0.68,"['free sulfur dioxide', 'pH', 'sulphates', 'residual sugar', 'chlorides']"
LogisticRegression,0.68,"['free sulfur dioxide', 'pH', 'sulphates', 'citric acid', 'density']"
LogisticRegression,0.68,"['free sulfur dioxide', 'pH', 'alcohol', 'residual sugar', 'citric acid']"
LogisticRegression,0.68,"['free sulfur dioxide', 'pH', 'alcohol', 'residual sugar', 'density']"
LogisticRegression,0.68,"['free sulfur dioxide', 'pH', 'alcohol', 'citric acid', 'density']"
RandomForestClassifier,0.68,"['free sulfur dioxide', 'pH', 'alcohol', 'density', 'chlorides']"
LogisticRegression,0.68,"['free sulfur dioxide', 'pH', 'residual sugar', 'citric acid', 'density']"
LogisticRegression,0.68,"['free sulfur dioxide', 'pH', 'residual sugar', 'density', 'chlorides']"
LogisticRegression,0.68,"['free sulfur dioxide', 'sulphates', 'alcohol', 'citric acid', 'density']"
RandomForestClassifier,0.68,"['free sulfur dioxide', 'sulphates', 'residual sugar', 'citric acid', 'density']"
LogisticRegression,0.68,"['pH', 'sulphates', 'alcohol', 'residual sugar', 'citric acid']"
LogisticRegression,0.68,"['pH', 'sulphates', 'alcohol', 'residual sugar', 'density']"
LogisticRegression,0.68,"['pH', 'sulphates', 'alcohol', 'citric acid', 'density']"
LogisticRegression,0.68,"['pH', 'sulphates', 'residual sugar', 'citric acid', 'density']"
LogisticRegression,0.68,"['pH', 'sulphates', 'residual sugar', 'density', 'chlorides']"
LogisticRegression,0.68,"['pH', 'alcohol', 'residual sugar', 'citric acid', 'density']"
SVC,0.68,"['pH', 'alcohol', 'residual sugar', 'citric acid', 'chlorides']"
RandomForestClassifier,0.68,"['sulphates', 'alcohol', 'residual sugar', 'citric acid', 'chlorides']"
LogisticRegression,0.68,"['free sulfur dioxide', 'pH', 'sulphates', 'alcohol', 'residual sugar', 'citric acid']"
LogisticRegression,0.68,"['free sulfur dioxide', 'pH', 'sulphates', 'alcohol', 'residual sugar', 'density']"
LogisticRegression,0.68,"['free sulfur dioxide', 'pH', 'sulphates', 'alcohol', 'citric acid', 'density']"
LogisticRegression,0.68,"['free sulfur dioxide', 'pH', 'sulphates', 'residual sugar', 'citric acid', 'density']"
LogisticRegression,0.68,"['free sulfur dioxide', 'pH', 'sulphates', 'residual sugar', 'density', 'chlorides']"
LogisticRegression,0.68,"['free sulfur dioxide', 'pH', 'alcohol', 'residual sugar', 'citric acid', 'density']"
RandomForestClassifier,0.68,"['free sulfur dioxide', 'pH', 'alcohol', 'residual sugar', 'citric acid', 'density']"
RandomForestClassifier,0.68,"['free sulfur dioxide', 'sulphates', 'alcohol', 'residual sugar', 'citric acid', 'chlorides']"
LogisticRegression,0.68,"['pH', 'sulphates', 'alcohol', 'residual sugar', 'citric acid', 'density']"
LogisticRegression,0.68,"['free sulfur dioxide', 'pH', 'sulphates', 'alcohol', 'residual sugar', 'citric acid', 'density']"
RandomForestClassifier,0.68,"['free sulfur dioxide', 'pH', 'sulphates', 'alcohol', 'citric acid', 'density', 'chlorides']"
RandomForestClassifier,0.68,"['pH', 'sulphates', 'alcohol', 'residual sugar', 'citric acid', 'density', 'chlorides']"
RandomForestClassifier,0.675,"['pH', 'sulphates', 'alcohol']"
RandomForestClassifier,0.675,"['pH', 'alcohol', 'residual sugar']"
RandomForestClassifier,0.675,"['pH', 'alcohol', 'citric acid']"
SVC,0.675,"['alcohol', 'citric acid', 'chlorides']"
SVC,0.675,"['free sulfur dioxide', 'sulphates', 'alcohol', 'chlorides']"
SVC,0.675,"['free sulfur dioxide', 'alcohol', 'density', 'chlorides']"
RandomForestClassifier,0.675,"['pH', 'sulphates', 'density', 'chlorides']"
RandomForestClassifier,0.675,"['pH', 'alcohol', 'citric acid', 'density']"
SVC,0.675,"['sulphates', 'alcohol', 'density', 'chlorides']"
RandomForestClassifier,0.675,"['pH', 'sulphates', 'alcohol', 'residual sugar', 'density']"
RandomForestClassifier,0.675,"['free sulfur dioxide', 'pH', 'sulphates', 'alcohol', 'residual sugar', 'citric acid']"
RandomForestClassifier,0.675,"['free sulfur dioxide', 'pH', 'sulphates', 'alcohol', 'density', 'chlorides']"
RandomForestClassifier,0.675,"['pH', 'alcohol', 'residual sugar', 'citric acid', 'density', 'chlorides']"
SVC,0.675,"['free sulfur dioxide', 'pH', 'sulphates', 'alcohol', 'citric acid', 'density', 'chlorides']"
RandomForestClassifier,0.67,"['pH', 'density', 'chlorides']"
SVC,0.67,"['free sulfur dioxide', 'alcohol', 'citric acid', 'chlorides']"
SVC,0.67,"['sulphates', 'alcohol', 'citric acid', 'chlorides']"
RandomForestClassifier,0.67,"['alcohol', 'residual sugar', 'density', 'chlorides']"
SVC,0.67,"['alcohol', 'citric acid', 'density', 'chlorides']"
RandomForestClassifier,0.67,"['free sulfur dioxide', 'pH', 'sulphates', 'alcohol', 'density']"
RandomForestClassifier,0.67,"['free sulfur dioxide', 'pH', 'alcohol', 'citric acid', 'density']"
SVC,0.67,"['free sulfur dioxide', 'pH', 'sulphates', 'alcohol', 'citric acid', 'chlorides']"
SVC,0.67,"['free sulfur dioxide', 'pH', 'alcohol', 'citric acid', 'density', 'chlorides']"
SVC,0.67,"['free sulfur dioxide', 'sulphates', 'alcohol', 'citric acid', 'density', 'chlorides']"
RandomForestClassifier,0.67,"['free sulfur dioxide', 'alcohol', 'residual sugar', 'citric acid', 'density', 'chlorides']"
SVC,0.67,"['pH', 'sulphates', 'alcohol', 'citric acid', 'density', 'chlorides']"
SVC,0.665,"['alcohol', 'chlorides']"
SVC,0.665,"['free sulfur dioxide', 'alcohol', 'chlorides']"
SVC,0.665,"['sulphates', 'alcohol', 'chlorides']"
SVC,0.665,"['alcohol', 'residual sugar', 'chlorides']"
RandomForestClassifier,0.665,"['alcohol', 'residual sugar', 'chlorides']"
SVC,0.665,"['alcohol', 'density', 'chlorides']"
RandomForestClassifier,0.665,"['pH', 'alcohol', 'residual sugar', 'density']"
SVC,0.665,"['alcohol', 'residual sugar', 'citric acid', 'chlorides']"
SVC,0.665,"['free sulfur dioxide', 'sulphates', 'alcohol', 'residual sugar', 'chlorides']"
SVC,0.665,"['free sulfur dioxide', 'sulphates', 'alcohol', 'citric acid', 'chlorides']"
SVC,0.665,"['free sulfur dioxide', 'alcohol', 'residual sugar', 'citric acid', 'chlorides']"
SVC,0.665,"['free sulfur dioxide', 'alcohol', 'residual sugar', 'density', 'chlorides']"
SVC,0.665,"['free sulfur dioxide', 'alcohol', 'citric acid', 'density', 'chlorides']"
RandomForestClassifier,0.665,"['pH', 'alcohol', 'residual sugar', 'citric acid', 'density']"
SVC,0.665,"['sulphates', 'alcohol', 'residual sugar', 'citric acid', 'chlorides']"
SVC,0.665,"['sulphates', 'alcohol', 'residual sugar', 'density', 'chlorides']"
SVC,0.665,"['sulphates', 'alcohol', 'citric acid', 'density', 'chlorides']"
SVC,0.665,"['alcohol', 'residual sugar', 'citric acid', 'density', 'chlorides']"
LogisticRegression,0.66,"['pH', 'chlorides']"
LogisticRegression,0.66,"['free sulfur dioxide', 'pH', 'chlorides']"
LogisticRegression,0.66,"['pH', 'sulphates', 'chlorides']"
SVC,0.66,"['pH', 'citric acid', 'chlorides']"
LogisticRegression,0.66,"['pH', 'density', 'chlorides']"
LogisticRegression,0.66,"['free sulfur dioxide', 'pH', 'sulphates', 'chlorides']"
LogisticRegression,0.66,"['free sulfur dioxide', 'pH', 'density', 'chlorides']"
SVC,0.66,"['free sulfur dioxide', 'alcohol', 'residual sugar', 'chlorides']"
LogisticRegression,0.66,"['pH', 'sulphates', 'density', 'chlorides']"
RandomForestClassifier,0.66,"['pH', 'alcohol', 'residual sugar', 'citric acid']"
SVC,0.66,"['sulphates', 'alcohol', 'residual sugar', 'chlorides']"
SVC,0.66,"['alcohol', 'residual sugar', 'density', 'chlorides']"
RandomForestClassifier,0.66,"['free sulfur dioxide', 'pH', 'sulphates', 'alcohol', 'residual sugar']"
RandomForestClassifier,0.66,"['free sulfur dioxide', 'pH', 'sulphates', 'alcohol', 'citric acid']"
LogisticRegression,0.66,"['free sulfur dioxide', 'pH', 'sulphates', 'density', 'chlorides']"
RandomForestClassifier,0.66,"['free sulfur dioxide', 'sulphates', 'alcohol', 'residual sugar', 'chlorides']"
SVC,0.66,"['free sulfur dioxide', 'sulphates', 'alcohol', 'density', 'chlorides']"
RandomForestClassifier,0.66,"['pH', 'sulphates', 'alcohol', 'citric acid', 'density']"
RandomForestClassifier,0.66,"['free sulfur dioxide', 'pH', 'sulphates', 'alcohol', 'citric acid', 'density']"
SVC,0.66,"['free sulfur dioxide', 'pH', 'alcohol', 'residual sugar', 'citric acid', 'chlorides']"
SVC,0.66,"['free sulfur dioxide', 'sulphates', 'alcohol', 'residual sugar', 'density', 'chlorides']"
SVC,0.66,"['pH', 'sulphates', 'alcohol', 'residual sugar', 'citric acid', 'chlorides']"
SVC,0.66,"['pH', 'alcohol', 'residual sugar', 'citric acid', 'density', 'chlorides']"
RandomForestClassifier,0.655,"['pH', 'alcohol']"
RandomForestClassifier,0.655,"['free sulfur dioxide', 'pH', 'alcohol']"
RandomForestClassifier,0.655,"['free sulfur dioxide', 'alcohol', 'chlorides']"
LogisticRegression,0.655,"['pH', 'alcohol', 'chlorides']"
RandomForestClassifier,0.655,"['pH', 'residual sugar', 'density']"
RandomForestClassifier,0.655,"['free sulfur dioxide', 'pH', 'alcohol', 'density']"
LogisticRegression,0.655,"['free sulfur dioxide', 'pH', 'alcohol', 'chlorides']"
LogisticRegression,0.655,"['pH', 'sulphates', 'alcohol', 'chlorides']"
LogisticRegression,0.655,"['pH', 'alcohol', 'density', 'chlorides']"
RandomForestClassifier,0.655,"['residual sugar', 'citric acid', 'density', 'chlorides']"
LogisticRegression,0.655,"['free sulfur dioxide', 'pH', 'sulphates', 'alcohol', 'chlorides']"
RandomForestClassifier,0.655,"['free sulfur dioxide', 'pH', 'alcohol', 'residual sugar', 'citric acid']"
LogisticRegression,0.655,"['free sulfur dioxide', 'pH', 'alcohol', 'density', 'chlorides']"
LogisticRegression,0.655,"['pH', 'sulphates', 'alcohol', 'density', 'chlorides']"
LogisticRegression,0.655,"['free sulfur dioxide', 'pH', 'sulphates', 'alcohol', 'density', 'chlorides']"
SVC,0.655,"['free sulfur dioxide', 'sulphates', 'alcohol', 'residual sugar', 'citric acid', 'density', 'chlorides']"
RandomForestClassifier,0.65,['pH']
RandomForestClassifier,0.65,"['pH', 'residual sugar']"
RandomForestClassifier,0.65,"['pH', 'sulphates', 'alcohol', 'density']"
SVC,0.65,"['pH', 'alcohol', 'residual sugar', 'chlorides']"
RandomForestClassifier,0.65,"['free sulfur dioxide', 'sulphates', 'alcohol', 'density', 'chlorides']"
SVC,0.65,"['free sulfur dioxide', 'sulphates', 'alcohol', 'residual sugar', 'citric acid', 'chlorides']"
SVC,0.65,"['free sulfur dioxide', 'alcohol', 'residual sugar', 'citric acid', 'density', 'chlorides']"
SVC,0.65,"['sulphates', 'alcohol', 'residual sugar', 'citric acid', 'density', 'chlorides']"
RandomForestClassifier,0.645,"['free sulfur dioxide', 'pH']"
RandomForestClassifier,0.645,"['pH', 'alcohol', 'density']"
SVC,0.645,"['pH', 'alcohol', 'chlorides']"
RandomForestClassifier,0.645,"['alcohol', 'citric acid', 'density']"
RandomForestClassifier,0.645,"['alcohol', 'density', 'chlorides']"
RandomForestClassifier,0.645,"['free sulfur dioxide', 'pH', 'sulphates', 'density']"
RandomForestClassifier,0.645,"['free sulfur dioxide', 'pH', 'residual sugar', 'density']"
RandomForestClassifier,0.645,"['free sulfur dioxide', 'alcohol', 'residual sugar', 'chlorides']"
RandomForestClassifier,0.645,"['sulphates', 'alcohol', 'residual sugar', 'chlorides']"
RandomForestClassifier,0.645,"['free sulfur dioxide', 'pH', 'sulphates', 'citric acid', 'density']"
RandomForestClassifier,0.645,"['free sulfur dioxide', 'pH', 'sulphates', 'alcohol', 'residual sugar', 'density']"
RandomForestClassifier,0.645,"['free sulfur dioxide', 'pH', 'sulphates', 'alcohol', 'residual sugar', 'citric acid', 'density']"
RandomForestClassifier,0.64,"['pH', 'sulphates']"
RandomForestClassifier,0.64,"['free sulfur dioxide', 'pH', 'alcohol', 'residual sugar']"
SVC,0.64,"['free sulfur dioxide', 'pH', 'alcohol', 'chlorides']"
RandomForestClassifier,0.64,"['free sulfur dioxide', 'sulphates', 'residual sugar', 'chlorides']"
SVC,0.64,"['pH', 'sulphates', 'alcohol', 'chlorides']"
SVC,0.64,"['pH', 'alcohol', 'density', 'chlorides']"
SVC,0.64,"['free sulfur dioxide', 'pH', 'sulphates', 'alcohol', 'chlorides']"
SVC,0.64,"['free sulfur dioxide', 'pH', 'alcohol', 'density', 'chlorides']"
SVC,0.64,"['pH', 'sulphates', 'alcohol', 'density', 'chlorides']"
RandomForestClassifier,0.64,"['free sulfur dioxide', 'pH', 'sulphates', 'residual sugar', 'citric acid', 'density']"
SVC,0.64,"['free sulfur dioxide', 'pH', 'sulphates', 'alcohol', 'residual sugar', 'citric acid', 'chlorides']"
SVC,0.64,"['free sulfur dioxide', 'pH', 'alcohol', 'residual sugar', 'citric acid', 'density', 'chlorides']"
SVC,0.64,"['pH', 'sulphates', 'alcohol', 'residual sugar', 'citric acid', 'density', 'chlorides']"
LogisticRegression,0.635,['chlorides']
LogisticRegression,0.635,"['free sulfur dioxide', 'chlorides']"
RandomForestClassifier,0.635,"['pH', 'density']"
LogisticRegression,0.635,"['sulphates', 'chlorides']"
LogisticRegression,0.635,"['alcohol', 'chlorides']"
LogisticRegression,0.635,"['residual sugar', 'chlorides']"
LogisticRegression,0.635,"['density', 'chlorides']"
RandomForestClassifier,0.635,"['free sulfur dioxide', 'pH', 'residual sugar']"
LogisticRegression,0.635,"['free sulfur dioxide', 'sulphates', 'chlorides']"
RandomForestClassifier,0.635,"['free sulfur dioxide', 'sulphates', 'chlorides']"
LogisticRegression,0.635,"['free sulfur dioxide', 'alcohol', 'chlorides']"
LogisticRegression,0.635,"['free sulfur dioxide', 'residual sugar', 'chlorides']"
LogisticRegression,0.635,"['free sulfur dioxide', 'density', 'chlorides']"
RandomForestClassifier,0.635,"['free sulfur dioxide', 'density', 'chlorides']"
RandomForestClassifier,0.635,"['pH', 'sulphates', 'density']"
LogisticRegression,0.635,"['sulphates', 'alcohol', 'chlorides']"
LogisticRegression,0.635,"['sulphates', 'residual sugar', 'chlorides']"
LogisticRegression,0.635,"['sulphates', 'density', 'chlorides']"
LogisticRegression,0.635,"['alcohol', 'residual sugar', 'chlorides']"
LogisticRegression,0.635,"['alcohol', 'density', 'chlorides']"
LogisticRegression,0.635,"['residual sugar', 'density', 'chlorides']"
RandomForestClassifier,0.635,"['residual sugar', 'density', 'chlorides']"
RandomForestClassifier,0.635,"['free sulfur dioxide', 'pH', 'sulphates', 'residual sugar']"
LogisticRegression,0.635,"['free sulfur dioxide', 'sulphates', 'alcohol', 'chlorides']"
LogisticRegression,0.635,"['free sulfur dioxide', 'sulphates', 'residual sugar', 'chlorides']"
LogisticRegression,0.635,"['free sulfur dioxide', 'sulphates', 'density', 'chlorides']"
LogisticRegression,0.635,"['free sulfur dioxide', 'alcohol', 'residual sugar', 'chlorides']"
LogisticRegression,0.635,"['free sulfur dioxide', 'alcohol', 'density', 'chlorides']"
LogisticRegression,0.635,"['free sulfur dioxide', 'residual sugar', 'density', 'chlorides']"
LogisticRegression,0.635,"['sulphates', 'alcohol', 'residual sugar', 'chlorides']"
LogisticRegression,0.635,"['sulphates', 'alcohol', 'density', 'chlorides']"
LogisticRegression,0.635,"['sulphates', 'residual sugar', 'density', 'chlorides']"
LogisticRegression,0.635,"['alcohol', 'residual sugar', 'density', 'chlorides']"
SVC,0.635,"['free sulfur dioxide', 'pH', 'sulphates', 'citric acid', 'chlorides']"
SVC,0.635,"['free sulfur dioxide', 'pH', 'alcohol', 'residual sugar', 'chlorides']"
SVC,0.635,"['free sulfur dioxide', 'pH', 'citric acid', 'density', 'chlorides']"
RandomForestClassifier,0.635,"['free sulfur dioxide', 'sulphates', 'alcohol', 'residual sugar', 'density']"
LogisticRegression,0.635,"['free sulfur dioxide', 'sulphates', 'alcohol', 'residual sugar', 'chlorides']"
LogisticRegression,0.635,"['free sulfur dioxide', 'sulphates', 'alcohol', 'density', 'chlorides']"
LogisticRegression,0.635,"['free sulfur dioxide', 'sulphates', 'residual sugar', 'density', 'chlorides']"
LogisticRegression,0.635,"['free sulfur dioxide', 'alcohol', 'residual sugar', 'density', 'chlorides']"
SVC,0.635,"['pH', 'sulphates', 'alcohol', 'residual sugar', 'chlorides']"
SVC,0.635,"['pH', 'sulphates', 'citric acid', 'density', 'chlorides']"
SVC,0.635,"['pH', 'alcohol', 'residual sugar', 'density', 'chlorides']"
LogisticRegression,0.635,"['sulphates', 'alcohol', 'residual sugar', 'density', 'chlorides']"
RandomForestClassifier,0.635,"['sulphates', 'alcohol', 'residual sugar', 'density', 'chlorides']"
LogisticRegression,0.635,"['free sulfur dioxide', 'sulphates', 'alcohol', 'residual sugar', 'density', 'chlorides']"
RandomForestClassifier,0.63,"['free sulfur dioxide', 'sulphates', 'alcohol']"
RandomForestClassifier,0.63,"['sulphates', 'residual sugar', 'chlorides']"
RandomForestClassifier,0.63,"['sulphates', 'density', 'chlorides']"
SVC,0.63,"['free sulfur dioxide', 'pH', 'citric acid', 'chlorides']"
RandomForestClassifier,0.63,"['free sulfur dioxide', 'alcohol', 'residual sugar', 'citric acid']"
RandomForestClassifier,0.63,"['free sulfur dioxide', 'residual sugar', 'density', 'chlorides']"
RandomForestClassifier,0.63,"['pH', 'sulphates', 'alcohol', 'citric acid']"
SVC,0.63,"['pH', 'sulphates', 'citric acid', 'chlorides']"
SVC,0.63,"['pH', 'citric acid', 'density', 'chlorides']"
RandomForestClassifier,0.63,"['sulphates', 'alcohol', 'residual sugar', 'citric acid']"
RandomForestClassifier,0.63,"['free sulfur dioxide', 'pH', 'sulphates', 'residual sugar', 'density']"
RandomForestClassifier,0.63,"['free sulfur dioxide', 'sulphates', 'alcohol', 'citric acid', 'density']"
RandomForestClassifier,0.63,"['free sulfur dioxide', 'sulphates', 'residual sugar', 'density', 'chlorides']"
RandomForestClassifier,0.625,['chlorides']
RandomForestClassifier,0.625,"['density', 'chlorides']"
RandomForestClassifier,0.625,"['free sulfur dioxide', 'residual sugar', 'chlorides']"
RandomForestClassifier,0.62,"['sulphates', 'chlorides']"
RandomForestClassifier,0.62,"['free sulfur dioxide', 'pH', 'sulphates']"
RandomForestClassifier,0.62,"['free sulfur dioxide', 'pH', 'density']"
RandomForestClassifier,0.62,"['free sulfur dioxide', 'alcohol', 'citric acid']"
RandomForestClassifier,0.62,"['pH', 'sulphates', 'citric acid']"
RandomForestClassifier,0.62,"['sulphates', 'alcohol', 'residual sugar']"
RandomForestClassifier,0.62,"['free sulfur dioxide', 'sulphates', 'density', 'chlorides']"
SVC,0.62,"['pH', 'residual sugar', 'citric acid', 'chlorides']"
RandomForestClassifier,0.62,"['sulphates', 'residual sugar', 'density', 'chlorides']"
RandomForestClassifier,0.62,"['free sulfur dioxide', 'pH', 'alcohol', 'residual sugar', 'density']"
RandomForestClassifier,0.62,"['free sulfur dioxide', 'alcohol', 'residual sugar', 'citric acid', 'density']"
SVC,0.62,"['free sulfur dioxide', 'pH', 'sulphates', 'citric acid', 'density', 'chlorides']"
RandomForestClassifier,0.615,"['free sulfur dioxide', 'chlorides']"
SVC,0.615,"['citric acid', 'chlorides']"
RandomForestClassifier,0.615,"['pH', 'sulphates', 'residual sugar']"
RandomForestClassifier,0.615,"['alcohol', 'residual sugar', 'density']"
RandomForestClassifier,0.615,"['free sulfur dioxide', 'sulphates', 'alcohol', 'density']"
SVC,0.615,"['free sulfur dioxide', 'pH', 'residual sugar', 'citric acid', 'chlorides']"
RandomForestClassifier,0.615,"['pH', 'sulphates', 'residual sugar', 'citric acid', 'density']"
SVC,0.615,"['pH', 'sulphates', 'residual sugar', 'citric acid', 'chlorides']"
SVC,0.615,"['pH', 'residual sugar', 'citric acid', 'density', 'chlorides']"
SVC,0.615,"['free sulfur dioxide', 'pH', 'sulphates', 'alcohol', 'residual sugar', 'chlorides']"
SVC,0.615,"['free sulfur dioxide', 'pH', 'sulphates', 'alcohol', 'density', 'chlorides']"
SVC,0.615,"['free sulfur dioxide', 'pH', 'alcohol', 'residual sugar', 'density', 'chlorides']"
SVC,0.615,"['pH', 'sulphates', 'alcohol', 'residual sugar', 'density', 'chlorides']"
RandomForestClassifier,0.61,"['pH', 'citric acid']"
RandomForestClassifier,0.61,"['alcohol', 'residual sugar']"
RandomForestClassifier,0.61,"['residual sugar', 'chlorides']"
RandomForestClassifier,0.61,"['pH', 'citric acid', 'density']"
RandomForestClassifier,0.61,"['sulphates', 'alcohol', 'density']"
RandomForestClassifier,0.61,"['free sulfur dioxide', 'pH', 'residual sugar', 'citric acid']"
RandomForestClassifier,0.61,"['free sulfur dioxide', 'alcohol', 'residual sugar', 'density']"
RandomForestClassifier,0.61,"['pH', 'sulphates', 'citric acid', 'density']"
RandomForestClassifier,0.61,"['sulphates', 'alcohol', 'residual sugar', 'density']"
RandomForestClassifier,0.61,"['sulphates', 'alcohol', 'citric acid', 'density']"
RandomForestClassifier,0.61,"['free sulfur dioxide', 'pH', 'residual sugar', 'citric acid', 'density']"
RandomForestClassifier,0.61,"['sulphates', 'alcohol', 'residual sugar', 'citric acid', 'density']"
SVC,0.61,"['free sulfur dioxide', 'pH', 'sulphates', 'alcohol', 'residual sugar', 'density', 'chlorides']"
RandomForestClassifier,0.605,"['free sulfur dioxide', 'alcohol', 'density']"
RandomForestClassifier,0.605,"['pH', 'sulphates', 'residual sugar', 'density']"
RandomForestClassifier,0.605,"['free sulfur dioxide', 'sulphates', 'alcohol', 'residual sugar', 'citric acid']"
RandomForestClassifier,0.6,['alcohol']
SVC,0.6,"['pH', 'chlorides']"
RandomForestClassifier,0.6,"['alcohol', 'residual sugar', 'citric acid']"
RandomForestClassifier,0.6,"['free sulfur dioxide', 'alcohol', 'citric acid', 'density']"
RandomForestClassifier,0.6,"['alcohol', 'residual sugar', 'citric acid', 'density']"
SVC,0.6,"['free sulfur dioxide', 'pH', 'sulphates', 'residual sugar', 'citric acid', 'chlorides']"
SVC,0.6,"['free sulfur dioxide', 'pH', 'residual sugar', 'citric acid', 'density', 'chlorides']"
SVC,0.6,"['pH', 'sulphates', 'residual sugar', 'citric acid', 'density', 'chlorides']"
RandomForestClassifier,0.595,"['alcohol', 'citric acid']"
SVC,0.595,"['free sulfur dioxide', 'citric acid', 'chlorides']"
SVC,0.595,"['sulphates', 'citric acid', 'chlorides']"
SVC,0.595,"['residual sugar', 'citric acid', 'chlorides']"
SVC,0.595,"['citric acid', 'density', 'chlorides']"
SVC,0.595,"['free sulfur dioxide', 'pH', 'sulphates', 'residual sugar', 'citric acid', 'density', 'chlorides']"
SVC,0.59,"['free sulfur dioxide', 'pH', 'chlorides']"
SVC,0.59,"['pH', 'sulphates', 'chlorides']"
SVC,0.59,"['pH', 'residual sugar', 'chlorides']"
SVC,0.59,"['pH', 'density', 'chlorides']"
RandomForestClassifier,0.59,"['free sulfur dioxide', 'pH', 'sulphates', 'citric acid']"
SVC,0.59,"['free sulfur dioxide', 'pH', 'sulphates', 'chlorides']"
SVC,0.59,"['free sulfur dioxide', 'pH', 'residual sugar', 'chlorides']"
RandomForestClassifier,0.59,"['free sulfur dioxide', 'pH', 'citric acid', 'density']"
SVC,0.59,"['free sulfur dioxide', 'pH', 'density', 'chlorides']"
RandomForestClassifier,0.59,"['free sulfur dioxide', 'sulphates', 'alcohol', 'citric acid']"
RandomForestClassifier,0.59,"['pH', 'sulphates', 'residual sugar', 'citric acid']"
SVC,0.59,"['pH', 'sulphates', 'residual sugar', 'chlorides']"
SVC,0.59,"['pH', 'sulphates', 'density', 'chlorides']"
RandomForestClassifier,0.59,"['pH', 'residual sugar', 'citric acid', 'density']"
SVC,0.59,"['pH', 'residual sugar', 'density', 'chlorides']"
RandomForestClassifier,0.585,"['free sulfur dioxide', 'alcohol']"
RandomForestClassifier,0.585,"['pH', 'residual sugar', 'citric acid']"
RandomForestClassifier,0.58,"['sulphates', 'alcohol']"
RandomForestClassifier,0.58,"['free sulfur dioxide', 'pH', 'citric acid']"
SVC,0.58,"['free sulfur dioxide', 'sulphates', 'citric acid', 'chlorides']"
SVC,0.58,"['free sulfur dioxide', 'residual sugar', 'citric acid', 'chlorides']"
SVC,0.58,"['free sulfur dioxide', 'citric acid', 'density', 'chlorides']"
SVC,0.58,"['sulphates', 'residual sugar', 'citric acid', 'chlorides']"
SVC,0.58,"['sulphates', 'citric acid', 'density', 'chlorides']"
SVC,0.58,"['residual sugar', 'citric acid', 'density', 'chlorides']"
RandomForestClassifier,0.58,"['free sulfur dioxide', 'pH', 'sulphates', 'residual sugar', 'citric acid']"
RandomForestClassifier,0.58,"['free sulfur dioxide', 'sulphates', 'alcohol', 'residual sugar', 'citric acid', 'density']"
RandomForestClassifier,0.575,"['sulphates', 'alcohol', 'citric acid']"
SVC,0.575,"['free sulfur dioxide', 'sulphates', 'residual sugar', 'citric acid', 'chlorides']"
SVC,0.575,"['free sulfur dioxide', 'sulphates', 'citric acid', 'density', 'chlorides']"
SVC,0.575,"['free sulfur dioxide', 'residual sugar', 'citric acid', 'density', 'chlorides']"
SVC,0.575,"['sulphates', 'residual sugar', 'citric acid', 'density', 'chlorides']"
SVC,0.575,"['free sulfur dioxide', 'sulphates', 'residual sugar', 'citric acid', 'density', 'chlorides']"
RandomForestClassifier,0.565,"['alcohol', 'density']"
RandomForestClassifier,0.565,"['free sulfur dioxide', 'alcohol', 'residual sugar']"
RandomForestClassifier,0.565,"['free sulfur dioxide', 'sulphates', 'alcohol', 'residual sugar']"
SVC,0.56,"['pH', 'alcohol', 'citric acid']"
SVC,0.555,"['free sulfur dioxide', 'sulphates', 'residual sugar', 'chlorides']"
SVC,0.555,"['free sulfur dioxide', 'sulphates', 'density', 'chlorides']"
SVC,0.555,"['free sulfur dioxide', 'residual sugar', 'density', 'chlorides']"
SVC,0.555,"['sulphates', 'residual sugar', 'density', 'chlorides']"
SVC,0.555,"['free sulfur dioxide', 'pH', 'sulphates', 'residual sugar', 'chlorides']"
SVC,0.555,"['free sulfur dioxide', 'pH', 'sulphates', 'density', 'chlorides']"
SVC,0.555,"['free sulfur dioxide', 'pH', 'residual sugar', 'density', 'chlorides']"
SVC,0.555,"['pH', 'sulphates', 'residual sugar', 'density', 'chlorides']"
SVC,0.545,"['residual sugar', 'chlorides']"
SVC,0.545,"['free sulfur dioxide', 'residual sugar', 'chlorides']"
SVC,0.545,"['sulphates', 'residual sugar', 'chlorides']"
SVC,0.545,"['residual sugar', 'density', 'chlorides']"
SVC,0.545,"['free sulfur dioxide', 'sulphates', 'residual sugar', 'density', 'chlorides']"
SVC,0.54,['chlorides']
SVC,0.54,"['free sulfur dioxide', 'chlorides']"
SVC,0.54,"['sulphates', 'chlorides']"
SVC,0.54,"['density', 'chlorides']"
SVC,0.54,"['free sulfur dioxide', 'sulphates', 'chlorides']"
SVC,0.54,"['free sulfur dioxide', 'density', 'chlorides']"
SVC,0.54,"['sulphates', 'density', 'chlorides']"
SVC,0.54,"['free sulfur dioxide', 'pH', 'sulphates', 'residual sugar', 'density', 'chlorides']"
SVC,0.53,"['pH', 'alcohol']"
SVC,0.52,"['free sulfur dioxide', 'pH', 'alcohol', 'citric acid']"
SVC,0.52,"['pH', 'sulphates', 'alcohol', 'citric acid']"
SVC,0.52,"['pH', 'alcohol', 'citric acid', 'density']"
SVC,0.515,"['alcohol', 'citric acid']"
SVC,0.51,"['free sulfur dioxide', 'alcohol', 'citric acid']"
SVC,0.51,"['sulphates', 'alcohol', 'citric acid']"
SVC,0.51,"['alcohol', 'citric acid', 'density']"
SVC,0.505,"['pH', 'alcohol', 'residual sugar', 'citric acid']"
SVC,0.495,"['free sulfur dioxide', 'pH', 'alcohol']"
SVC,0.495,"['pH', 'sulphates', 'alcohol']"
SVC,0.495,"['pH', 'alcohol', 'residual sugar']"
SVC,0.495,"['pH', 'alcohol', 'density']"
SVC,0.495,"['free sulfur dioxide', 'sulphates', 'alcohol', 'citric acid']"
SVC,0.495,"['free sulfur dioxide', 'alcohol', 'citric acid', 'density']"
SVC,0.495,"['sulphates', 'alcohol', 'citric acid', 'density']"
SVC,0.49,"['free sulfur dioxide', 'pH', 'sulphates', 'alcohol', 'residual sugar', 'citric acid', 'density']"
SVC,0.485,['alcohol']
SVC,0.485,"['free sulfur dioxide', 'pH', 'sulphates', 'alcohol', 'citric acid']"
SVC,0.485,"['free sulfur dioxide', 'pH', 'alcohol', 'residual sugar', 'citric acid']"
SVC,0.485,"['free sulfur dioxide', 'pH', 'alcohol', 'citric acid', 'density']"
SVC,0.485,"['pH', 'sulphates', 'alcohol', 'residual sugar', 'citric acid']"
SVC,0.485,"['pH', 'sulphates', 'alcohol', 'citric acid', 'density']"
SVC,0.485,"['pH', 'alcohol', 'residual sugar', 'citric acid', 'density']"
SVC,0.485,"['free sulfur dioxide', 'pH', 'sulphates', 'alcohol', 'residual sugar', 'citric acid']"
SVC,0.485,"['free sulfur dioxide', 'pH', 'alcohol', 'residual sugar', 'citric acid', 'density']"
SVC,0.485,"['pH', 'sulphates', 'alcohol', 'residual sugar', 'citric acid', 'density']"
SVC,0.48,"['alcohol', 'residual sugar', 'citric acid']"
SVC,0.48,"['free sulfur dioxide', 'pH', 'sulphates', 'alcohol', 'citric acid', 'density']"
SVC,0.475,"['free sulfur dioxide', 'sulphates', 'alcohol']"
SVC,0.475,"['free sulfur dioxide', 'alcohol', 'density']"
SVC,0.475,"['sulphates', 'alcohol', 'density']"
SVC,0.47,"['free sulfur dioxide', 'alcohol']"
SVC,0.47,"['sulphates', 'alcohol']"
SVC,0.47,"['alcohol', 'density']"
SVC,0.47,"['free sulfur dioxide', 'alcohol', 'residual sugar']"
SVC,0.47,"['sulphates', 'alcohol', 'residual sugar']"
SVC,0.47,"['alcohol', 'residual sugar', 'density']"
SVC,0.47,"['free sulfur dioxide', 'sulphates', 'alcohol', 'density']"
SVC,0.47,"['free sulfur dioxide', 'alcohol', 'residual sugar', 'citric acid']"
SVC,0.47,"['sulphates', 'alcohol', 'residual sugar', 'citric acid']"
SVC,0.47,"['alcohol', 'residual sugar', 'citric acid', 'density']"
SVC,0.47,"['free sulfur dioxide', 'sulphates', 'alcohol', 'citric acid', 'density']"
SVC,0.465,"['alcohol', 'residual sugar']"
SVC,0.465,"['free sulfur dioxide', 'pH', 'sulphates', 'alcohol']"
SVC,0.465,"['free sulfur dioxide', 'pH', 'alcohol', 'residual sugar']"
SVC,0.465,"['free sulfur dioxide', 'pH', 'alcohol', 'density']"
SVC,0.465,"['pH', 'sulphates', 'alcohol', 'residual sugar']"
SVC,0.465,"['pH', 'sulphates', 'alcohol', 'density']"
SVC,0.465,"['pH', 'alcohol', 'residual sugar', 'density']"
SVC,0.465,"['free sulfur dioxide', 'pH', 'sulphates', 'citric acid', 'density']"
SVC,0.455,"['free sulfur dioxide', 'sulphates', 'alcohol', 'residual sugar']"
SVC,0.455,"['free sulfur dioxide', 'alcohol', 'residual sugar', 'density']"
SVC,0.455,"['sulphates', 'alcohol', 'residual sugar', 'density']"
SVC,0.455,"['free sulfur dioxide', 'pH', 'sulphates', 'residual sugar', 'citric acid']"
SVC,0.455,"['free sulfur dioxide', 'pH', 'residual sugar', 'citric acid', 'density']"
SVC,0.455,"['pH', 'sulphates', 'residual sugar', 'citric acid', 'density']"
SVC,0.45,"['free sulfur dioxide', 'pH', 'sulphates', 'residual sugar', 'citric acid', 'density']"
SVC,0.445,"['free sulfur dioxide', 'pH', 'sulphates', 'alcohol', 'residual sugar', 'density']"
SVC,0.44,"['free sulfur dioxide', 'pH', 'sulphates', 'alcohol', 'density']"
SVC,0.435,"['free sulfur dioxide', 'pH', 'sulphates', 'alcohol', 'residual sugar']"
SVC,0.435,"['free sulfur dioxide', 'pH', 'alcohol', 'residual sugar', 'density']"
SVC,0.435,"['free sulfur dioxide', 'sulphates', 'alcohol', 'residual sugar', 'citric acid']"
SVC,0.435,"['free sulfur dioxide', 'alcohol', 'residual sugar', 'citric acid', 'density']"
SVC,0.435,"['pH', 'sulphates', 'alcohol', 'residual sugar', 'density']"
SVC,0.435,"['sulphates', 'alcohol', 'residual sugar', 'citric acid', 'density']"
SVC,0.415,"['free sulfur dioxide', 'pH', 'sulphates', 'citric acid']"
SVC,0.415,"['free sulfur dioxide', 'pH', 'residual sugar', 'citric acid']"
SVC,0.415,"['free sulfur dioxide', 'pH', 'citric acid', 'density']"
SVC,0.415,"['pH', 'sulphates', 'residual sugar', 'citric acid']"
SVC,0.415,"['pH', 'sulphates', 'citric acid', 'density']"
SVC,0.415,"['pH', 'residual sugar', 'citric acid', 'density']"
SVC,0.415,"['free sulfur dioxide', 'sulphates', 'alcohol', 'residual sugar', 'density']"
SVC,0.415,"['free sulfur dioxide', 'sulphates', 'alcohol', 'residual sugar', 'citric acid', 'density']"
SVC,0.385,"['pH', 'citric acid']"
SVC,0.36,['residual sugar']
SVC,0.36,"['free sulfur dioxide', 'residual sugar']"
SVC,0.36,"['sulphates', 'residual sugar']"
SVC,0.36,"['residual sugar', 'density']"
SVC,0.36,"['free sulfur dioxide', 'sulphates', 'residual sugar']"
SVC,0.36,"['free sulfur dioxide', 'residual sugar', 'density']"
SVC,0.36,"['sulphates', 'residual sugar', 'density']"
SVC,0.36,"['free sulfur dioxide', 'sulphates', 'residual sugar', 'density']"
SVC,0.35,"['free sulfur dioxide', 'pH', 'citric acid']"
SVC,0.35,"['pH', 'sulphates', 'citric acid']"
SVC,0.35,"['pH', 'residual sugar', 'citric acid']"
SVC,0.35,"['pH', 'citric acid', 'density']"
SVC,0.33,"['residual sugar', 'citric acid']"
SVC,0.33,"['free sulfur dioxide', 'residual sugar', 'citric acid']"
SVC,0.33,"['sulphates', 'residual sugar', 'citric acid']"
SVC,0.33,"['residual sugar', 'citric acid', 'density']"
SVC,0.33,"['free sulfur dioxide', 'sulphates', 'residual sugar', 'citric acid']"
SVC,0.33,"['free sulfur dioxide', 'residual sugar', 'citric acid', 'density']"
SVC,0.33,"['sulphates', 'residual sugar', 'citric acid', 'density']"
SVC,0.33,"['free sulfur dioxide', 'sulphates', 'residual sugar', 'citric acid', 'density']"
SVC,0.325,['pH']
SVC,0.315,"['free sulfur dioxide', 'pH']"
SVC,0.315,"['pH', 'sulphates']"
SVC,0.315,"['pH', 'residual sugar']"
SVC,0.315,"['pH', 'density']"
SVC,0.315,"['free sulfur dioxide', 'pH', 'sulphates', 'residual sugar']"
SVC,0.315,"['free sulfur dioxide', 'pH', 'sulphates', 'density']"
SVC,0.315,"['free sulfur dioxide', 'pH', 'residual sugar', 'density']"
SVC,0.315,"['pH', 'sulphates', 'residual sugar', 'density']"
SVC,0.31,['citric acid']
SVC,0.31,"['free sulfur dioxide', 'citric acid']"
SVC,0.31,"['sulphates', 'citric acid']"
SVC,0.31,"['citric acid', 'density']"
SVC,0.31,"['free sulfur dioxide', 'pH', 'sulphates']"
SVC,0.31,"['free sulfur dioxide', 'pH', 'residual sugar']"
SVC,0.31,"['free sulfur dioxide', 'pH', 'density']"
SVC,0.31,"['free sulfur dioxide', 'sulphates', 'citric acid']"
SVC,0.31,"['free sulfur dioxide', 'citric acid', 'density']"
SVC,0.31,"['pH', 'sulphates', 'residual sugar']"
SVC,0.31,"['pH', 'sulphates', 'density']"
SVC,0.31,"['pH', 'residual sugar', 'density']"
SVC,0.31,"['sulphates', 'citric acid', 'density']"
SVC,0.31,"['free sulfur dioxide', 'sulphates', 'citric acid', 'density']"
SVC,0.31,"['free sulfur dioxide', 'pH', 'sulphates', 'residual sugar', 'density']"
SVC,0.2,['free sulfur dioxide']
SVC,0.2,['sulphates']
SVC,0.2,['density']
SVC,0.2,"['free sulfur dioxide', 'sulphates']"
SVC,0.2,"['free sulfur dioxide', 'density']"
SVC,0.2,"['sulphates', 'density']"
SVC,0.2,"['free sulfur dioxide', 'sulphates', 'density']"
